<?xml version="1.0" encoding="UTF-8"?>
<!DOCTYPE mapper PUBLIC "-//mybatis.org//DTD Mapper 3.0//EN" "http://mybatis.org/dtd/mybatis-3-mapper.dtd">
<mapper namespace="com.yili.dao.TblDgLogDAO">
  <resultMap id="BaseResultMap" type="com.yili.entity.TblDgLog">
    <id column="id" jdbcType="INTEGER" property="id" />
    <result column="content" jdbcType="VARCHAR" property="content" />
    <result column="log_type" jdbcType="INTEGER" property="logType" />
    <result column="log_type_sub" jdbcType="INTEGER" property="logTypeSub" />
    <result column="log_success" jdbcType="INTEGER" property="logSuccess" />
    <result column="url" jdbcType="VARCHAR" property="url" />
    <result column="user_name" jdbcType="VARCHAR" property="userName" />
    <result column="create_date" jdbcType="TIMESTAMP" property="createDate" />
  </resultMap>
  <sql id="Base_Column_List">
    id, content, log_type, log_type_sub, log_success, url, user_name, create_date
  </sql>
  <select id="selectByPrimaryKey" parameterType="java.lang.Integer" resultMap="BaseResultMap">
    select 
    <include refid="Base_Column_List" />
    from tbl_dg_log
    where id = #{id,jdbcType=INTEGER}
  </select>
   <select id="searchPager" parameterType="com.yili.bean.ParamSearch" resultMap="BaseResultMap">
    select 
    <include refid="Base_Column_List" />
    from tbl_dg_log
     where  1=1
     <if test="startDate != null">
        and report_date <![CDATA[ >= ]]> #{startDate,jdbcType=DATE} 
     </if>
      <if test="endDate != null">
        and report_date <![CDATA[ <= ]]> #{endDate,jdbcType=DATE}
     </if>
     <if test="keyWord != null and keyWord != ''">
        and content like '%${keyWord}%' 
     </if>
     <if test="type != null">
        and log_type_sub = #{log_type_sub,jdbcType=INTEGER}
     </if>
     
      <![CDATA[
            order by create_date desc
        ]]>
  </select>
  <select id="searchPagerCount" parameterType="com.yili.bean.ParamSearch" resultType="java.lang.Integer">
    select 
   	count(1)
    from tbl_dg_log
     where  1=1
     <if test="startDate != null">
        and report_date <![CDATA[ >= ]]> #{startDate,jdbcType=DATE} 
     </if>
      <if test="endDate != null">
        and report_date <![CDATA[ <= ]]> #{endDate,jdbcType=DATE}
     </if>
     <if test="keyWord != null and keyWord != ''">
        and content like '%${keyWord}%' 
     </if>
     <if test="type != null">
        and log_type_sub = #{log_type_sub,jdbcType=INTEGER}
     </if>
  </select>
  <delete id="deleteByPrimaryKey" parameterType="java.lang.Integer">
    delete from tbl_dg_log
    where id = #{id,jdbcType=INTEGER}
  </delete>
  <insert id="insert" parameterType="com.yili.entity.TblDgLog">
    insert into tbl_dg_log (id, content, log_type, 
      log_type_sub, log_success, url, 
      user_name, create_date)
    values (#{id,jdbcType=INTEGER}, #{content,jdbcType=VARCHAR}, #{logType,jdbcType=INTEGER}, 
      #{logTypeSub,jdbcType=INTEGER}, #{logSuccess,jdbcType=INTEGER}, #{url,jdbcType=VARCHAR}, 
      #{userName,jdbcType=VARCHAR}, #{createDate,jdbcType=TIMESTAMP})
  </insert>
  <insert id="insertSelective" parameterType="com.yili.entity.TblDgLog">
    insert into tbl_dg_log
    <trim prefix="(" suffix=")" suffixOverrides=",">
      <if test="id != null">
        id,
      </if>
      <if test="content != null">
        content,
      </if>
      <if test="logType != null">
        log_type,
      </if>
      <if test="logTypeSub != null">
        log_type_sub,
      </if>
      <if test="logSuccess != null">
        log_success,
      </if>
      <if test="url != null">
        url,
      </if>
      <if test="userName != null">
        user_name,
      </if>
      <if test="createDate != null">
        create_date,
      </if>
    </trim>
    <trim prefix="values (" suffix=")" suffixOverrides=",">
      <if test="id != null">
        #{id,jdbcType=INTEGER},
      </if>
      <if test="content != null">
        #{content,jdbcType=VARCHAR},
      </if>
      <if test="logType != null">
        #{logType,jdbcType=INTEGER},
      </if>
      <if test="logTypeSub != null">
        #{logTypeSub,jdbcType=INTEGER},
      </if>
      <if test="logSuccess != null">
        #{logSuccess,jdbcType=INTEGER},
      </if>
      <if test="url != null">
        #{url,jdbcType=VARCHAR},
      </if>
      <if test="userName != null">
        #{userName,jdbcType=VARCHAR},
      </if>
      <if test="createDate != null">
        #{createDate,jdbcType=TIMESTAMP},
      </if>
    </trim>
  </insert>
  <update id="updateByPrimaryKeySelective" parameterType="com.yili.entity.TblDgLog">
    update tbl_dg_log
    <set>
      <if test="content != null">
        content = #{content,jdbcType=VARCHAR},
      </if>
      <if test="logType != null">
        log_type = #{logType,jdbcType=INTEGER},
      </if>
      <if test="logTypeSub != null">
        log_type_sub = #{logTypeSub,jdbcType=INTEGER},
      </if>
      <if test="logSuccess != null">
        log_success = #{logSuccess,jdbcType=INTEGER},
      </if>
      <if test="url != null">
        url = #{url,jdbcType=VARCHAR},
      </if>
      <if test="userName != null">
        user_name = #{userName,jdbcType=VARCHAR},
      </if>
      <if test="createDate != null">
        create_date = #{createDate,jdbcType=TIMESTAMP},
      </if>
    </set>
    where id = #{id,jdbcType=INTEGER}
  </update>
  <update id="updateByPrimaryKey" parameterType="com.yili.entity.TblDgLog">
    update tbl_dg_log
    set content = #{content,jdbcType=VARCHAR},
      log_type = #{logType,jdbcType=INTEGER},
      log_type_sub = #{logTypeSub,jdbcType=INTEGER},
      log_success = #{logSuccess,jdbcType=INTEGER},
      url = #{url,jdbcType=VARCHAR},
      user_name = #{userName,jdbcType=VARCHAR},
      create_date = #{createDate,jdbcType=TIMESTAMP}
    where id = #{id,jdbcType=INTEGER}
  </update>
</mapper>